天次	分鐘	Phase	動作	畫面	笑🎯	哇✨	原來💡	學到📝	講師台詞（範例）	助教注意	備註
Day 1	0-2	開場	學員進場就座	展示上屆學員作品大螢幕	笑：「我準備三天的事，AI 30秒就完成了」	──	──	──	「今天你會帶走三樣東西：一套行程、一個知識庫、一張網紅圖」	確認投影/音響	破防開場白
Day 1	2-5	開場	確認WiFi、帳號登入	各桌擺放WiFi/QR Code	──	──	──	──	「請拿出你的手機，先連上現場WiFi——名稱：______ 密碼：______」	助教逐桌確認	帳號登入引導
Day 1	5-8	開場	展示報名宣傳說的「成果」	大螢幕：行程表+AI Podcast+旅遊美圖	──	哇：全場見證30秒生成	──	──	「這不是別人的作品，這是你等一下就會親手做出來的」	──	秀實例截圖
Day 1	8-10	破冰遊戲	暖場破冰	「你最近一次旅行是去哪？請用一句話形容」	笑：「我問老婆覺得哪裡好玩，她說：家裡」	──	──	──	「我先問——誰最近去過日本？去過的舉手——好，放下，現在不准去」	──	拉近學員距離
Day 1	10-13	Phase 1 介紹	說明今日工具	展示工具Logo牆：Gemini / NotebookLM / AI Studio	──	──	原來：「以前安排行程要三天：查資料→複製→整合。今天30秒」	──	「以前三天的事，今天30秒。這個效率提升，CP值爆炸」	──	秀對比截圖
Day 1	13-16	Phase 1 Live Demo	Gemini一句話生成行程	現場示範：輸入行程提示詞，計時30秒出結果	笑：「AI說颱風天最適合出遊，這是擺爛嗎？」	哇：工作人員實測計時30秒	──	──	「工作人員幫我按碼表——1、2、3……請見證奇蹟」	確保講師網路順暢	核心Wow環節
Day 1	16-20	Phase 1 解說	說明為什麼AI會這樣答	解釋Gemini Deep Research模式	──	──	原來：AI不是隨便答，它是看了上百篇資料整理的	──	「你可能覺得AI在亂寫——錯，它是看了上百篇資料後幫你整理的」	──	建立對AI的信任感
Day 1	20-30	Phase 1 實作A	學員動手做：生成自己的行程	助教巡桌，學員用自己的Gemini操作	笑：「懶人奇蹟——AI說最不會錯的伴手禮是現金，我無法反駁」	──	──	學到：行程生成提示詞（MBTI版）	「複製提示詞→貼上→修改成你自己的條件→看成品」	助教確實每人都成功	15分鐘實作
Day 1	30-45	Phase 1 實作B	MBTI旅行人格+城市推薦	各桌操作，助教巡視	──	──	──	學到：MBTI旅行人格提示詞	「我是[MBTI]，請推薦3個適合我的日本城市+1個隱藏版秘境」	協助找不到MBTI提示詞者	可加「不要太多走路」
Day 1	45-48	Phase 2 暖場	引出交通痛點	拿出一張JR Pass示意圖	笑：「我問AI 1+1=2，它回：你確定嗎？要不要再想想？」	──	──	──	「好，行程排出來了——下一關：交通費。這個Pass到底買幾日券？」	──	為JR Pass埋伏筆
Day 1	48-53	Phase 2 Live Demo	JR Pass計算器	現場輸入學員行程範例，計算單程票vs JR Pass	笑：「行程有bug：第一天delay、第二天公休、第三天颱風」	哇：工作人員再次計時，30秒算完	──	──	「工作人員再幫我按一次碼表——這道數學題，AI比我們算得快又準」	──	用學員真實行程
Day 1	53-58	Phase 2 解說	說明JR Pass適用情境	展示票價對照表	──	──	原來：「JR Pass不是每個人都划算，就像吃到飽，你只吃一碗，當然虧」	──	「不是買越久越划算，是要看你去的地方夠不夠多」	──	數字說服用
Day 1	58-78	Phase 2 實作	學員計算自己的JR Pass	各桌打開自己的行程，算Pass是否划算	──	──	原來：AI Agent是24小時免費員工——你睡覺，它在追蹤機票價格	學到：JR Pass計算提示詞	「把你的行程拿出來，我們現在算——助教確認每人都在操作」	助教協助操作困難者	每人排好Day 1-2
Day 1	78-80	中場休息	休息10分鐘	更換投影片，播放輕音樂	笑：「休息時間可以做三件事：上廁所、問助教、問Gemini——我建議第三個」	──	──	──	「休息時間——你們可以問Gemini，它不會不耐煩」	播放輕音樂	帶出台詞
Day 1	80-83	Phase 3 暖場	預告新工具	展示NotebookLM介面截圖	笑：「升級Pro後問路，它說：您已進入未知領域，建議返回」	──	──	──	「你知道你的行程PDF可以變成一個會說話的導遊嗎？」	──	2026最新版預告
Day 1	83-88	Phase 3 Live Demo	NotebookLM + Gemini合併功能	1.匯入行程PDF 2.直接問Gemini問題 3.同一畫面呈現	──	哇：同一介面使用兩個工具，Google 4月才推出	原來：NotebookLM是私人百科——助理看完所有資料，只回答你一個人的問題	──	「以前這是兩個工具，今天它是同一個了——這個升級，Google 4月才推出」	確保講師帳號狀態	2026重大更新
Day 1	88-93	Phase 3 解說	說明知識庫應用情境	展示6大來源匯入方式	──	──	原來：Google分數不等於好吃，在日本要看Tabelog	──	「Google 4.5顆星可能是假的，Tabelog 3.5分以上才是真的」	──	關鍵差異點
Day 1	93-110	Phase 3 實作	學員建立自己的旅遊知識庫	助教協助，匯入自己的行程	──	──	──	學到：NotebookLM知識庫建立 + 餐廳驗證提示詞	「把你的行程PDF匯入，然後問它：我帶小孩要注意什麼？」	每桌至少1人成功	可做為回家作業
Day 1	110-115	Phase 4 暖場	預告課程高潮	展示NotebookLM Audio Overview介面	笑：「我讓AI幫我選禮物送老婆，結果AI說：最棒的禮物是分擔家事，我想刪帳號」	──	──	──	「今天第一個『哇』——請看大螢幕，你的行程表可以變成Podcast」	要先測試好設備	進入高潮
Day 1	115-120	Phase 4 Live Demo A	AI Podcast生成	現場操作：行程→Audio Overview→生成5分鐘導覽	──	哇：90秒生成，你沒看錯	──	──	「工作人員，請協助按鍵，我們現場計時——90秒，你沒看錯」	確保聲音設備正常	核心Wow環節
Day 1	120-125	Phase 4 解說A	說明Podcast應用場景	說明飛機上/開車時可預習行程	──	──	──	學到：Audio Overview提示詞（雙人對話版）	「在飛機上戴耳機聽自己的行程導覽——這叫懶人式旅遊預習」	──	實用場景說明
Day 1	125-133	Phase 4 Live Demo B	Gemini生圖：浮世繪風格	現場上傳景點照，輸入風格提示詞	笑：「朋友用AI變網紅，結果生成的照片，他媽媽問：這是通緝照嗎？」	哇：東京鐵塔→浮世繪60秒，IG讚馬上破百	──	──	「上傳一張東京鐵塔照片，然後說：浮世繪——你們看」	預先準備對比素材	IG素材生成
Day 1	133-148	Phase 4 實作B	學員生成自己的旅遊美圖+小紅書文案	各桌操作，助教巡視	──	──	原來：AI生圖是藝術家不是攝影師——AI畫的要有幻覺心理準備	學到：Gemini生圖提示詞 + 小紅書文案提示詞	「做出來的圖，等一下我們要比賽——最好看的那張，發上傳群組」	設定比賽獎勵	25分鐘實作
Day 1	148-155	Phase 4 比賽	比賽揭曉+頒獎	展示學員作品，幽默點評	笑：「這張圖，我只能說——連我老婆問我是不是外包給設計師了」	──	──	──	「評分標準：創意30%、執行力30%、好笑程度40%」	增加參與感	頒獎
Day 1	155-158	Phase 5 暖場	預告實用工具	拿出日文菜單	笑：「我用AI翻譯日文菜單，它說：此菜名為『神秘野獸之肉』，我還是不知道點什麼」	──	──	──	「拿出你們的手機——等一下我們要用它來翻譯這個」	準備日文菜單道具
Day 1	158-163	Phase 5 Live Demo	Google AI Studio 即時對話	現場語音提問：這個魚是新鮮的嗎？	笑：「我把『我想加薪』翻成日文，變成『我想成為金錢的主人』，老闆直接叫我去HR」	哇：我說中文，它說日文，日本人聽得懂	──	──	「各位，請見證——我說中文，它說日文，日本人聽得懂」	測試網路延遲	核心實用環節
Day 1	163-175	Phase 5 實作A	學員體驗即時翻譯	助教協助開啟AI Studio	──	──	原來：AI Agent不等於Chatbot——Chatbot是櫃台，Agent是幫你跑腿的助理	學到：即時翻譯提示詞 + 緊急求助卡提示詞	「兩人一組，一個人說中文，一個人翻譯——這個技能，以後去日本一定用得到」	可用自己護照號碼練習	20分鐘實作
Day 1	175-180	Phase 5 實作B	比價偵探 + 緊急卡	各桌操作：掃描商品、輸入比價提示詞	笑：「我問AI：我想創業，給我建議？AI說：建議先存夠錢再創業，感謝咨詢」	──	──	學到：比價偵探提示詞	「打開你們買過的Amazon JP訂單——用Gemini幫你算，你買貴了還是便宜了？」	省錢技能
Day 1	180-183	Phase 6 暖場	預告變現模組	展示Shop.com收入截圖	笑：「朋友用AI投履歷，面試官問：請問您今天是哪位幫您回答的？」	──	──	──	「我們組有一個夥伴，用這個方法，上個月多賺了兩張機票錢」	增加可信度
Day 1	183-188	Phase 6 Live Demo	SHOP.COM一秒導購	展示行程中的景點門票→分享連結→一鍵生成含回饋的導購頁	──	哇：別人掃你的連結買機票，你順便賺一趟機票錢	──	──	「我不是在分享，我是在業配——別人掃我的連結，我就有的賺」	引導下載App	核心變現
Day 1	188-200	Phase 6 實作	Shop.com導購教學	助教協助，複製景點連結	──	──	──	學到：Shop.com導購操作 + 緊急求助卡（複習）	「把今天生成的旅遊圖，附上景點連結——別人掃你的連結，你就有回饋」	可做為回家作業
Day 1	200-210	Day 1 結尾	成果分享+預告	邀請3-5位學員分享作品	笑：「今天你帶走什麼？行程Podcast+旅遊美圖+導購連結——這三樣，夠你發一個月IG了」	──	原來：「AI不會取代你，但會用AI的人會取代你」	──	「今天你帶走什麼？行程Podcast + 旅遊美圖 + 導購連結——這三樣，發一個月IG，夠了」	安排分享者順序
Day 1	210-220	Day 1 結尾	大合照+問卷+散場	工作人員發放問卷	笑：「最後，請拿出你的手機——不是滑，是拍照！我們要拍一張『AI真的會動』的大合照」	──	──	──	「問卷認真填——認真填的，我請你喝咖啡（如果你在台北的話）」	提前通知攝影
